agg,trim_ratio,margin,cell_inner,model,n_ok,n_total,n_missing,n_failed,de2000_mean,de2000_std
mean,0.1,0.1,0.45,CUT_baseline,5,5,0,0,26.515350341796875,3.8530404567718506
mean,0.1,0.1,0.45,CUT_VEF,5,5,0,0,24.59606170654297,3.646486759185791
mean,0.1,0.1,0.45,CUT_VEF_stable,5,5,0,0,24.587173461914062,3.5550220012664795
median,0.1,0.1,0.45,CUT_baseline,5,5,0,0,27.670780181884766,4.505664825439453
median,0.1,0.1,0.45,CUT_VEF,5,5,0,0,26.100894927978516,4.275730609893799
median,0.1,0.1,0.45,CUT_VEF_stable,5,5,0,0,26.00545883178711,4.148966312408447
trim,0.1,0.1,0.45,CUT_baseline,5,5,0,0,26.94817543029785,4.107884407043457
trim,0.1,0.1,0.45,CUT_VEF,5,5,0,0,25.09294319152832,3.857243776321411
trim,0.1,0.1,0.45,CUT_VEF_stable,5,5,0,0,25.05965232849121,3.789419412612915
